label_id,label,train_count,f1
0,불평/불만,16696,0.6922205438066465
1,환영/호의,9252,0.4919142534787514
2,감동/감탄,10778,0.5504350628424106
3,지긋지긋,6386,0.34027055150884494
4,고마움,5181,0.4840764331210191
5,슬픔,4137,0.32511415525114157
6,화남/분노,12299,0.623203831825439
7,존경,3854,0.38878504672897196
8,기대감,11197,0.510715363718684
9,우쭐댐/무시함,6002,0.28955049620548745
10,안타까움/실망,17465,0.6629873598006053
11,비장함,3352,0.2638105975197294
12,의심/불신,11565,0.5287356321839081
13,뿌듯함,5229,0.32249134948096886
14,편안/쾌적,3771,0.34808853118712274
15,신기함/관심,10638,0.48766157461809634
16,아껴주는,7173,0.44909887968826107
17,부끄러움,2329,0.10424710424710425
18,공포/무서움,1194,0.10576923076923077
19,절망,3652,0.208067940552017
20,한심함,12201,0.564542046063203
21,역겨움/징그러움,3864,0.2832201745877789
22,짜증,14930,0.6459784673844206
23,어이없음,15996,0.6447853952223733
24,없음,6344,0.3256907701352146
25,패배/자기혐오,1581,0.13680781758957655
26,귀찮음,2428,0.15073529411764705
27,힘듦/지침,3769,0.26
28,즐거움/신남,10867,0.5652951699463328
29,깨달음,8151,0.38686708860759494
30,죄책감,698,0.03418803418803419
31,증오/혐오,7684,0.5146147032772365
32,흐뭇함(귀여움/예쁨),4401,0.3538038496791934
33,당황/난처,9996,0.43386243386243384
34,경악,5193,0.3090185676392573
35,부담/안_내킴,4768,0.20516717325227962
36,서러움,2031,0.1346153846153846
37,재미없음,3691,0.3987792472024415
38,불쌍함/연민,5451,0.32977303070761016
39,놀람,7355,0.3373034778465936
40,행복,7473,0.48223590715300807
41,불안/걱정,7541,0.3433979269941415
42,기쁨,9967,0.5503875968992248
43,안심/신뢰,7929,0.4806941431670282
