label_id,label,lr_f1,svm_f1,svm_minus_lr
0,불평/불만,0.6747147345791301,0.6922205438066465,0.017505809227516433
1,환영/호의,0.510412722453616,0.4919142534787514,-0.018498468974864624
2,감동/감탄,0.5686881188118812,0.5504350628424106,-0.018253055969470577
3,지긋지긋,0.3526350032530904,0.34027055150884494,-0.012364451744245442
4,고마움,0.4829991281604184,0.4840764331210191,0.0010773049606007112
5,슬픔,0.2868965517241379,0.32511415525114157,0.03821760352700365
6,화남/분노,0.6104651162790697,0.623203831825439,0.012738715546369295
7,존경,0.3111111111111111,0.38878504672897196,0.07767393561786085
8,기대감,0.5388151174668029,0.510715363718684,-0.028099753748118905
9,우쭐댐/무시함,0.2651340996168582,0.28955049620548745,0.024416396588629263
10,안타까움/실망,0.6567621381528564,0.6629873598006053,0.0062252216477488576
11,비장함,0.1925925925925926,0.2638105975197294,0.07121800492713681
12,의심/불신,0.5477410340009315,0.5287356321839081,-0.019005401817023482
13,뿌듯함,0.3014218009478673,0.32249134948096886,0.021069548533101556
14,편안/쾌적,0.3067846607669616,0.34808853118712274,0.04130387042016115
15,신기함/관심,0.517950123321458,0.48766157461809634,-0.030288548703361617
16,아껴주는,0.4655075715086932,0.44909887968826107,-0.016408691820432142
17,부끄러움,0.0136986301369863,0.10424710424710425,0.09054847411011795
18,공포/무서움,0.0,0.10576923076923077,0.10576923076923077
19,절망,0.0964749536178107,0.208067940552017,0.1115929869342063
20,한심함,0.5798974816135503,0.564542046063203,-0.01535543555034724
21,역겨움/징그러움,0.2089093701996927,0.2832201745877789,0.07431080438808618
22,짜증,0.6348973607038123,0.6459784673844206,0.011081106680608244
23,어이없음,0.6481890834892026,0.6447853952223733,-0.003403688266829241
24,없음,0.3049808429118774,0.3256907701352146,0.0207099272233372
25,패배/자기혐오,0.03125,0.13680781758957655,0.10555781758957655
26,귀찮음,0.0656716417910447,0.15073529411764705,0.08506365232660235
27,힘듦/지침,0.1628664495114006,0.26,0.0971335504885994
28,즐거움/신남,0.58120149468238,0.5652951699463328,-0.01590632473604725
29,깨달음,0.3925893250992501,0.38686708860759494,-0.005722236491655153
30,죄책감,0.0,0.03418803418803419,0.03418803418803419
31,증오/혐오,0.5324553151458138,0.5146147032772365,-0.017840611868577327
32,흐뭇함(귀여움/예쁨),0.3417721518987341,0.3538038496791934,0.012031697780459316
33,당황/난처,0.4802955665024631,0.43386243386243384,-0.04643313264002924
34,경악,0.2349570200573066,0.3090185676392573,0.07406154758195069
35,부담/안_내킴,0.1121751025991792,0.20516717325227962,0.09299207065310042
36,서러움,0.0613026819923371,0.1346153846153846,0.07331270262304751
37,재미없음,0.4005979073243647,0.3987792472024415,-0.0018186601219231657
38,불쌍함/연민,0.3239819004524887,0.32977303070761016,0.005791130255121457
39,놀람,0.3656286043829296,0.3373034778465936,-0.02832512653633601
40,행복,0.5083160083160083,0.48223590715300807,-0.026080101163000247
41,불안/걱정,0.3469805527123848,0.3433979269941415,-0.003582625718243304
42,기쁨,0.5720236029156542,0.5503875968992248,-0.021636006016429454
43,안심/신뢰,0.4970588235294118,0.4806941431670282,-0.016364680362383588
